"longitude","latitude","housing_median_age","total_rooms","total_bedrooms","population","households","median_income","median_house_value"
-122.050000,37.370000,27.000000,3885.000000,661.000000,1537.000000,606.000000,6.608500,344700.000000
-118.300000,34.260000,43.000000,1510.000000,310.000000,809.000000,277.000000,3.599000,176500.000000
-117.810000,33.780000,27.000000,3589.000000,507.000000,1484.000000,495.000000,5.793400,270500.000000
-118.360000,33.820000,28.000000,67.000000,15.000000,49.000000,11.000000,6.135900,330000.000000
-119.670000,36.330000,19.000000,1241.000000,244.000000,850.000000,237.000000,2.937500,81700.000000
-119.560000,36.510000,37.000000,1018.000000,213.000000,663.000000,204.000000,1.663500,67000.000000
-121.430000,38.630000,43.000000,1009.000000,225.000000,604.000000,218.000000,1.664100,67000.000000
-120.650000,35.480000,19.000000,2310.000000,471.000000,1341.000000,441.000000,3.225000,166900.000000
-122.840000,38.400000,15.000000,3080.000000,617.000000,1446.000000,599.000000,3.669600,194400.000000
-118.020000,34.080000,31.000000,2402.000000,632.000000,2830.000000,603.000000,2.333300,164200.000000
-118.240000,33.980000,45.000000,972.000000,249.000000,1288.000000,261.000000,2.205400,125000.000000
-119.120000,35.850000,37.000000,736.000000,166.000000,564.000000,138.000000,2.416700,58300.000000
-121.930000,37.250000,36.000000,1089.000000,182.000000,535.000000,170.000000,4.690000,252600.000000
-117.030000,32.970000,16.000000,3936.000000,694.000000,1935.000000,659.000000,4.562500,231200.000000
-117.970000,33.730000,27.000000,2097.000000,325.000000,1217.000000,331.000000,5.712100,222500.000000
-117.990000,33.810000,42.000000,161.000000,40.000000,157.000000,50.000000,2.200000,153100.000000
-120.810000,37.530000,15.000000,570.000000,123.000000,189.000000,107.000000,1.875000,181300.000000
-121.200000,38.690000,26.000000,3077.000000,607.000000,1603.000000,595.000000,2.717400,137500.000000
-118.880000,34.210000,26.000000,1590.000000,196.000000,654.000000,199.000000,6.585100,300000.000000
-122.590000,38.010000,35.000000,8814.000000,1307.000000,3450.000000,1258.000000,6.172400,414300.000000
-122.150000,37.750000,40.000000,1445.000000,256.000000,849.000000,255.000000,3.891300,126300.000000
-121.370000,38.680000,36.000000,1775.000000,296.000000,937.000000,305.000000,3.178600,83400.000000
-118.160000,34.070000,47.000000,2994.000000,543.000000,1651.000000,561.000000,3.864400,241500.000000
-122.200000,37.790000,45.000000,2021.000000,528.000000,1410.000000,480.000000,2.778800,115400.000000
-117.280000,33.280000,13.000000,6131.000000,1040.000000,4049.000000,940.000000,3.815600,150700.000000
-118.030000,34.160000,36.000000,1401.000000,218.000000,667.000000,225.000000,7.161500,484700.000000
-122.420000,37.760000,52.000000,3587.000000,1030.000000,2259.000000,979.000000,2.540300,250000.000000
-118.390000,33.990000,32.000000,2612.000000,418.000000,1030.000000,402.000000,6.603000,369200.000000
-118.450000,34.070000,19.000000,4845.000000,1609.000000,3751.000000,1539.000000,1.583000,350000.000000
-118.480000,34.010000,30.000000,3078.000000,954.000000,1561.000000,901.000000,3.485200,425000.000000
-119.350000,36.330000,14.000000,1195.000000,220.000000,568.000000,229.000000,3.148600,105600.000000
-118.300000,33.910000,34.000000,1617.000000,493.000000,1530.000000,500.000000,2.618200,172600.000000
-121.130000,39.310000,17.000000,3442.000000,705.000000,1693.000000,619.000000,2.810200,128900.000000
-118.080000,34.550000,5.000000,16181.000000,2971.000000,8152.000000,2651.000000,4.523700,141800.000000
-118.320000,33.940000,38.000000,1067.000000,170.000000,499.000000,169.000000,4.638900,183800.000000
-118.110000,34.000000,33.000000,2886.000000,726.000000,2650.000000,728.000000,2.625000,178700.000000
-122.530000,37.970000,52.000000,1560.000000,451.000000,700.000000,419.000000,2.512500,270800.000000
-118.020000,33.920000,34.000000,1478.000000,251.000000,956.000000,277.000000,5.523800,185300.000000
-118.050000,33.930000,31.000000,894.000000,203.000000,883.000000,190.000000,3.677100,141500.000000
-119.010000,34.230000,11.000000,5785.000000,1035.000000,2760.000000,985.000000,4.693000,232200.000000
-119.320000,36.200000,15.000000,1562.000000,275.000000,961.000000,287.000000,3.423100,83300.000000
-116.920000,32.770000,16.000000,2770.000000,406.000000,1269.000000,429.000000,6.678300,275000.000000
-118.060000,34.150000,37.000000,1980.000000,226.000000,697.000000,226.000000,15.000100,500001.000000
-117.270000,34.090000,36.000000,848.000000,186.000000,737.000000,169.000000,0.983800,79300.000000
-118.230000,34.130000,48.000000,1308.000000,286.000000,835.000000,294.000000,4.289100,214800.000000
-117.240000,33.170000,4.000000,9998.000000,1874.000000,3925.000000,1672.000000,4.282600,237500.000000
-121.910000,37.440000,24.000000,1212.000000,251.000000,799.000000,242.000000,5.080800,212500.000000
-118.290000,33.940000,47.000000,1782.000000,338.000000,1003.000000,329.000000,2.539800,105700.000000
-121.350000,38.000000,6.000000,1649.000000,369.000000,732.000000,350.000000,3.423100,123800.000000
-117.990000,33.780000,19.000000,7399.000000,1698.000000,3554.000000,1593.000000,3.104900,173900.000000
-120.990000,37.700000,14.000000,9849.000000,1887.000000,4356.000000,1780.000000,3.587700,160900.000000
-119.420000,35.970000,21.000000,554.000000,121.000000,426.000000,122.000000,2.351600,47500.000000
-122.210000,37.800000,39.000000,2003.000000,500.000000,1109.000000,464.000000,3.068200,156500.000000
-118.170000,33.800000,26.000000,1589.000000,380.000000,883.000000,366.000000,3.531300,187500.000000
-117.900000,34.090000,39.000000,1726.000000,333.000000,892.000000,335.000000,4.340900,191800.000000
-117.990000,33.930000,36.000000,1287.000000,233.000000,779.000000,229.000000,4.852300,175800.000000
-121.420000,38.720000,10.000000,3054.000000,528.000000,1932.000000,510.000000,3.090300,91900.000000
-118.770000,34.260000,26.000000,3038.000000,468.000000,1825.000000,468.000000,5.638500,196900.000000
-121.930000,37.330000,44.000000,1449.000000,291.000000,676.000000,282.000000,3.575000,292200.000000
-121.820000,37.250000,16.000000,2650.000000,600.000000,1969.000000,586.000000,3.946100,194300.000000
-122.290000,37.560000,36.000000,805.000000,140.000000,445.000000,139.000000,5.822100,289400.000000
-121.780000,37.230000,18.000000,1747.000000,317.000000,1055.000000,285.000000,5.898000,229100.000000
-118.410000,34.000000,35.000000,1062.000000,305.000000,1026.000000,307.000000,2.715300,265500.000000
-121.670000,40.870000,31.000000,1581.000000,299.000000,776.000000,287.000000,2.906300,77800.000000
-118.000000,33.920000,26.000000,2830.000000,399.000000,1204.000000,404.000000,6.127300,289600.000000
-117.220000,32.730000,38.000000,3966.000000,768.000000,1640.000000,729.000000,3.840900,291400.000000
-121.080000,37.690000,19.000000,6473.000000,1212.000000,3559.000000,1123.000000,3.224600,129300.000000
-117.530000,33.920000,12.000000,2290.000000,319.000000,728.000000,228.000000,6.156100,233500.000000
-117.460000,34.080000,18.000000,3830.000000,750.000000,2767.000000,702.000000,3.660200,120700.000000
-117.970000,33.860000,35.000000,1691.000000,367.000000,1265.000000,378.000000,3.585500,174300.000000
-121.920000,37.330000,52.000000,2125.000000,382.000000,930.000000,387.000000,5.283100,299500.000000
-118.200000,34.040000,44.000000,1582.000000,544.000000,1998.000000,515.000000,1.688800,125000.000000
-118.060000,33.800000,22.000000,1892.000000,442.000000,1015.000000,404.000000,4.137900,212500.000000
-122.050000,37.360000,34.000000,2400.000000,419.000000,1017.000000,384.000000,4.136900,316900.000000
-123.790000,39.500000,24.000000,1421.000000,291.000000,588.000000,274.000000,2.325000,157300.000000
-120.790000,37.490000,44.000000,1186.000000,225.000000,687.000000,234.000000,3.416700,160700.000000
-121.890000,37.350000,47.000000,2879.000000,631.000000,2229.000000,606.000000,3.259900,183100.000000
-118.430000,34.200000,29.000000,3051.000000,694.000000,1942.000000,679.000000,3.111800,238100.000000
-118.750000,34.170000,18.000000,6217.000000,858.000000,2703.000000,834.000000,6.807500,325900.000000
-122.470000,37.990000,22.000000,7274.000000,1002.000000,2468.000000,957.000000,7.494000,439200.000000
-120.690000,37.400000,46.000000,860.000000,130.000000,496.000000,147.000000,3.516700,137500.000000
-118.280000,34.050000,44.000000,968.000000,384.000000,1805.000000,375.000000,1.480100,212500.000000
-118.440000,34.250000,35.000000,1583.000000,324.000000,1481.000000,351.000000,3.700000,176000.000000
-122.050000,38.260000,21.000000,7195.000000,1416.000000,3927.000000,1377.000000,3.091200,126300.000000
-121.990000,37.350000,18.000000,1712.000000,509.000000,972.000000,467.000000,4.397100,238900.000000
-121.020000,37.680000,28.000000,2875.000000,560.000000,1608.000000,558.000000,3.548900,106400.000000
-119.850000,36.740000,35.000000,1191.000000,190.000000,537.000000,182.000000,3.537500,96700.000000
-118.020000,34.080000,28.000000,2769.000000,631.000000,2452.000000,581.000000,2.607100,175900.000000
-123.520000,41.010000,17.000000,1564.000000,345.000000,517.000000,222.000000,2.154200,83800.000000
-122.400000,37.620000,44.000000,1619.000000,362.000000,1064.000000,335.000000,4.023800,224200.000000
-118.130000,34.150000,24.000000,1125.000000,341.000000,579.000000,321.000000,2.812500,141700.000000
-122.000000,37.980000,32.000000,1013.000000,169.000000,436.000000,173.000000,5.111800,226900.000000
-118.450000,34.250000,36.000000,1453.000000,270.000000,808.000000,275.000000,4.383900,204600.000000
-117.500000,33.870000,4.000000,6755.000000,1017.000000,2866.000000,850.000000,5.049300,239800.000000
-122.220000,37.840000,50.000000,2935.000000,473.000000,1031.000000,479.000000,7.500000,295200.000000
-119.820000,36.640000,30.000000,1694.000000,312.000000,1008.000000,321.000000,2.246600,96000.000000
-120.210000,36.770000,20.000000,1745.000000,348.000000,1093.000000,302.000000,2.319400,90600.000000
-120.970000,38.420000,16.000000,1748.000000,322.000000,4930.000000,287.000000,4.302900,121900.000000
-121.190000,38.870000,20.000000,3118.000000,500.000000,1405.000000,519.000000,6.000000,209400.000000
-118.200000,33.770000,52.000000,1375.000000,457.000000,1089.000000,317.000000,2.234400,200000.000000
-118.300000,34.020000,49.000000,2120.000000,483.000000,1522.000000,416.000000,1.850000,116800.000000
-122.230000,37.790000,43.000000,5963.000000,1344.000000,4367.000000,1231.000000,2.191700,112800.000000
-121.310000,38.620000,31.000000,3114.000000,430.000000,1121.000000,456.000000,6.244000,240000.000000
-117.250000,32.800000,35.000000,2281.000000,506.000000,1005.000000,496.000000,4.229600,275000.000000
-118.260000,33.990000,36.000000,2016.000000,505.000000,1807.000000,464.000000,1.690100,103500.000000
-119.390000,36.540000,34.000000,1590.000000,422.000000,1272.000000,407.000000,1.806800,59000.000000
-121.510000,38.520000,30.000000,3236.000000,588.000000,1167.000000,569.000000,4.097200,181400.000000
-119.180000,34.270000,6.000000,2307.000000,386.000000,910.000000,364.000000,5.215000,279500.000000
-118.180000,33.770000,30.000000,1418.000000,439.000000,720.000000,417.000000,2.637100,159400.000000
-122.430000,37.740000,52.000000,1514.000000,314.000000,724.000000,301.000000,5.329200,300900.000000
-117.930000,33.910000,24.000000,1698.000000,297.000000,676.000000,273.000000,5.201700,364600.000000
-124.160000,40.770000,35.000000,2141.000000,438.000000,1053.000000,434.000000,2.852900,85600.000000
-117.950000,33.630000,27.000000,2489.000000,481.000000,1082.000000,443.000000,5.877700,358800.000000
-118.050000,34.100000,36.000000,1606.000000,318.000000,889.000000,294.000000,4.793100,272600.000000
-116.970000,32.810000,19.000000,1573.000000,471.000000,844.000000,414.000000,2.142200,125000.000000
-118.850000,34.170000,42.000000,564.000000,96.000000,220.000000,81.000000,4.562500,318800.000000
-117.730000,33.630000,15.000000,2874.000000,592.000000,1382.000000,586.000000,5.513700,161800.000000
-122.070000,37.340000,30.000000,1851.000000,238.000000,631.000000,236.000000,10.100700,500001.000000
-117.180000,33.020000,15.000000,3540.000000,453.000000,1364.000000,425.000000,13.662300,500001.000000
-118.410000,34.000000,38.000000,324.000000,70.000000,268.000000,73.000000,2.550000,271400.000000
-121.960000,37.300000,20.000000,4228.000000,1006.000000,2334.000000,1007.000000,4.308100,227300.000000
-121.740000,38.550000,34.000000,2299.000000,579.000000,1300.000000,536.000000,1.643500,148500.000000
-118.210000,33.920000,28.000000,2949.000000,1003.000000,4551.000000,930.000000,1.902600,131900.000000
-121.900000,36.610000,29.000000,3412.000000,827.000000,1574.000000,759.000000,2.930900,217100.000000
-117.810000,33.840000,17.000000,4343.000000,515.000000,1605.000000,484.000000,10.598100,460100.000000
-118.190000,33.930000,42.000000,1829.000000,391.000000,1614.000000,377.000000,3.191200,146400.000000
-120.930000,37.730000,14.000000,2799.000000,618.000000,2294.000000,596.000000,2.634300,81500.000000
-122.020000,37.960000,25.000000,2615.000000,368.000000,935.000000,366.000000,6.672700,305100.000000
-122.470000,37.790000,52.000000,2844.000000,623.000000,1380.000000,596.000000,4.750000,500001.000000
-117.190000,34.030000,25.000000,2513.000000,340.000000,900.000000,320.000000,6.496200,182400.000000
-117.240000,32.800000,28.000000,1072.000000,331.000000,692.000000,321.000000,2.135700,187500.000000
-118.130000,34.100000,19.000000,2742.000000,756.000000,1396.000000,703.000000,2.566300,197500.000000
-122.420000,37.730000,50.000000,3426.000000,769.000000,2261.000000,671.000000,2.888000,246400.000000
-118.140000,34.710000,32.000000,1164.000000,248.000000,588.000000,270.000000,1.191700,86900.000000
-119.760000,36.750000,39.000000,2233.000000,563.000000,2031.000000,491.000000,1.864100,50800.000000
-122.340000,37.560000,39.000000,3562.000000,391.000000,1139.000000,391.000000,12.641700,500001.000000
-122.450000,40.460000,16.000000,2734.000000,501.000000,1413.000000,484.000000,2.808500,105700.000000
-118.290000,33.910000,31.000000,2025.000000,618.000000,2231.000000,593.000000,2.474100,151200.000000
-118.320000,33.910000,34.000000,3041.000000,677.000000,1920.000000,640.000000,4.530400,181300.000000
-122.040000,37.360000,26.000000,3298.000000,460.000000,1241.000000,472.000000,6.875300,403000.000000
-117.390000,34.100000,12.000000,7184.000000,1516.000000,4862.000000,1235.000000,2.449200,103800.000000
-122.250000,37.800000,36.000000,1678.000000,606.000000,1645.000000,543.000000,2.230300,116700.000000
-117.980000,34.100000,22.000000,5661.000000,1209.000000,5389.000000,1178.000000,3.772700,159700.000000
-120.060000,36.950000,24.000000,646.000000,134.000000,454.000000,149.000000,2.125000,61900.000000
-121.470000,39.490000,17.000000,1554.000000,242.000000,553.000000,230.000000,3.217400,91800.000000
-122.200000,37.790000,35.000000,1802.000000,459.000000,1009.000000,390.000000,2.303600,126000.000000
-117.230000,32.750000,23.000000,2415.000000,653.000000,1275.000000,596.000000,3.138900,101800.000000
-119.750000,36.740000,39.000000,1740.000000,351.000000,1098.000000,347.000000,1.895800,51300.000000
-117.920000,34.030000,35.000000,1341.000000,233.000000,898.000000,216.000000,4.111800,157300.000000
-121.640000,39.280000,25.000000,2857.000000,662.000000,2076.000000,685.000000,1.809500,64100.000000
-117.140000,32.720000,45.000000,1140.000000,310.000000,840.000000,339.000000,1.615600,156300.000000
-122.290000,37.540000,41.000000,1743.000000,349.000000,811.000000,349.000000,4.946400,282400.000000
-117.910000,33.940000,15.000000,5799.000000,842.000000,2314.000000,787.000000,6.343300,350500.000000
-118.380000,34.270000,8.000000,3248.000000,847.000000,2608.000000,731.000000,2.821400,158300.000000
-122.030000,37.600000,24.000000,2077.000000,383.000000,1488.000000,389.000000,4.572100,214700.000000
-117.130000,33.150000,16.000000,3907.000000,671.000000,1759.000000,663.000000,3.177600,172600.000000
-118.280000,34.000000,42.000000,855.000000,284.000000,890.000000,247.000000,1.277800,112500.000000
-122.450000,37.720000,52.000000,1729.000000,319.000000,890.000000,300.000000,4.303600,261800.000000
-119.770000,36.770000,38.000000,3065.000000,658.000000,1441.000000,625.000000,2.056400,64700.000000
-117.700000,33.640000,15.000000,5743.000000,773.000000,2380.000000,773.000000,8.192600,326600.000000
-117.070000,32.790000,36.000000,3583.000000,642.000000,1711.000000,602.000000,3.974500,170800.000000
-117.850000,33.620000,13.000000,5192.000000,658.000000,1865.000000,662.000000,15.000100,500001.000000
-117.760000,33.710000,15.000000,1010.000000,350.000000,470.000000,342.000000,3.222900,108300.000000
-117.190000,34.940000,31.000000,2034.000000,444.000000,1097.000000,367.000000,2.152200,60800.000000
-120.970000,37.690000,15.000000,4065.000000,841.000000,1986.000000,680.000000,3.072000,114300.000000
-117.190000,33.640000,12.000000,1481.000000,265.000000,757.000000,243.000000,3.235000,210700.000000
-118.380000,33.910000,36.000000,2904.000000,515.000000,1463.000000,534.000000,5.837400,289600.000000
-121.560000,38.260000,43.000000,1906.000000,327.000000,996.000000,314.000000,2.974400,136800.000000
-118.960000,35.870000,17.000000,1668.000000,307.000000,888.000000,277.000000,3.779400,96200.000000
-116.960000,32.800000,24.000000,2493.000000,693.000000,1420.000000,643.000000,1.835700,104200.000000
-118.270000,33.940000,30.000000,1764.000000,397.000000,1406.000000,362.000000,1.449000,93100.000000
-119.180000,34.190000,36.000000,4519.000000,1081.000000,4818.000000,1061.000000,2.856100,179100.000000
-118.230000,33.900000,28.000000,1108.000000,284.000000,1498.000000,289.000000,2.470600,88800.000000
-120.490000,37.260000,28.000000,2159.000000,416.000000,1283.000000,378.000000,1.893900,83000.000000
-121.430000,38.640000,34.000000,2010.000000,411.000000,1501.000000,422.000000,2.041700,65900.000000
-118.140000,34.170000,42.000000,2757.000000,713.000000,2112.000000,653.000000,2.714800,166800.000000
-119.090000,35.410000,12.000000,3449.000000,522.000000,1754.000000,551.000000,5.623500,130600.000000
-118.020000,33.710000,24.000000,2598.000000,443.000000,1184.000000,435.000000,5.862300,287800.000000
-121.530000,39.060000,20.000000,561.000000,109.000000,308.000000,114.000000,3.302100,70800.000000
-119.290000,34.280000,38.000000,2387.000000,748.000000,1537.000000,741.000000,2.314700,192500.000000
-121.840000,37.340000,33.000000,1019.000000,191.000000,938.000000,215.000000,4.092900,165000.000000
-117.990000,33.880000,42.000000,1461.000000,302.000000,986.000000,314.000000,3.955900,161100.000000
-122.240000,37.550000,3.000000,6164.000000,1175.000000,2198.000000,975.000000,6.741300,435900.000000
-121.800000,37.310000,21.000000,2630.000000,446.000000,1789.000000,389.000000,5.054300,232000.000000
-117.430000,34.080000,13.000000,4563.000000,1187.000000,2475.000000,1019.000000,2.118900,121700.000000
-118.280000,34.020000,29.000000,515.000000,229.000000,2690.000000,217.000000,0.499900,500001.000000
-117.300000,33.060000,31.000000,2128.000000,520.000000,1049.000000,485.000000,4.027000,290000.000000
-118.200000,34.040000,18.000000,796.000000,227.000000,547.000000,218.000000,1.033300,135400.000000
-117.630000,34.110000,30.000000,2674.000000,428.000000,1404.000000,456.000000,4.296900,165600.000000
-121.940000,37.330000,37.000000,818.000000,269.000000,576.000000,261.000000,2.190200,250000.000000
-118.070000,33.930000,5.000000,906.000000,187.000000,1453.000000,158.000000,4.125000,171900.000000
-117.190000,32.830000,30.000000,3225.000000,555.000000,1601.000000,532.000000,4.331700,173300.000000
-118.210000,33.890000,42.000000,1739.000000,370.000000,1104.000000,297.000000,2.212500,120700.000000
-118.410000,34.190000,39.000000,1169.000000,242.000000,612.000000,247.000000,4.142900,200000.000000
-117.000000,32.800000,29.000000,2045.000000,398.000000,912.000000,368.000000,3.018900,144100.000000
-116.920000,32.860000,11.000000,2204.000000,518.000000,1472.000000,497.000000,2.369300,127000.000000
-121.040000,38.950000,22.000000,1931.000000,445.000000,1009.000000,407.000000,2.750000,153200.000000
-122.120000,37.450000,38.000000,1276.000000,314.000000,955.000000,287.000000,2.009600,155700.000000
-119.480000,36.540000,28.000000,2112.000000,363.000000,1011.000000,335.000000,4.222200,108900.000000
-121.020000,37.680000,25.000000,3262.000000,588.000000,1834.000000,578.000000,3.996000,114500.000000
-123.280000,40.770000,25.000000,767.000000,206.000000,301.000000,121.000000,1.625000,79200.000000
-122.890000,39.110000,10.000000,1588.000000,333.000000,585.000000,254.000000,2.255100,71100.000000
-122.040000,37.970000,21.000000,6445.000000,1839.000000,3621.000000,1735.000000,2.584100,112500.000000
-118.080000,33.810000,21.000000,1189.000000,281.000000,577.000000,264.000000,3.315500,237500.000000
-118.310000,34.090000,36.000000,787.000000,420.000000,1506.000000,360.000000,1.241200,216700.000000
-122.160000,37.750000,35.000000,667.000000,140.000000,406.000000,133.000000,3.804700,94300.000000
-121.610000,38.380000,37.000000,1365.000000,276.000000,952.000000,268.000000,4.037000,156900.000000
-122.100000,37.680000,31.000000,1892.000000,428.000000,1162.000000,389.000000,3.125000,167100.000000
-122.280000,37.870000,49.000000,2026.000000,548.000000,963.000000,521.000000,1.980500,173700.000000
-116.910000,34.240000,23.000000,6379.000000,1636.000000,1350.000000,568.000000,1.633600,124500.000000
-121.830000,37.280000,33.000000,1115.000000,250.000000,1168.000000,261.000000,3.900900,178600.000000
-118.300000,33.810000,17.000000,5544.000000,1068.000000,3008.000000,1038.000000,5.322000,282700.000000
-117.960000,33.700000,23.000000,4417.000000,740.000000,1865.000000,693.000000,5.342800,279300.000000
-122.140000,40.070000,31.000000,2053.000000,465.000000,1193.000000,447.000000,1.492300,44400.000000
-121.440000,38.730000,25.000000,1287.000000,224.000000,727.000000,236.000000,4.739600,135500.000000
-122.260000,37.550000,17.000000,4576.000000,814.000000,1941.000000,807.000000,5.957200,443800.000000
-121.640000,37.140000,14.000000,5487.000000,1024.000000,2823.000000,979.000000,4.175000,229800.000000
-117.180000,34.480000,8.000000,3561.000000,691.000000,2156.000000,659.000000,2.777800,86900.000000
-122.280000,38.340000,44.000000,1066.000000,190.000000,416.000000,174.000000,3.638900,304000.000000
-117.900000,33.600000,25.000000,2465.000000,585.000000,906.000000,472.000000,3.653800,500001.000000
-122.180000,37.780000,33.000000,142.000000,31.000000,575.000000,47.000000,3.875000,225000.000000
-121.490000,38.510000,30.000000,3166.000000,607.000000,1857.000000,579.000000,3.176800,79500.000000
-118.190000,33.910000,43.000000,1531.000000,357.000000,1509.000000,376.000000,2.635400,128100.000000
-118.270000,34.100000,50.000000,2113.000000,398.000000,793.000000,418.000000,4.713200,304600.000000
-121.440000,38.610000,34.000000,172.000000,38.000000,149.000000,55.000000,2.644200,55000.000000
-121.910000,37.430000,33.000000,2791.000000,496.000000,1714.000000,485.000000,4.830400,224900.000000
-117.860000,33.720000,31.000000,1194.000000,297.000000,1602.000000,306.000000,2.333300,157700.000000
-118.350000,33.920000,29.000000,736.000000,232.000000,584.000000,231.000000,3.616700,200000.000000
-117.260000,33.840000,12.000000,1159.000000,209.000000,523.000000,159.000000,2.723200,123200.000000
-122.430000,37.730000,52.000000,3602.000000,738.000000,2270.000000,647.000000,3.893400,251800.000000
-121.800000,37.990000,16.000000,3077.000000,465.000000,1575.000000,446.000000,5.500000,179500.000000
-122.580000,38.460000,15.000000,2936.000000,517.000000,1182.000000,501.000000,3.398100,246900.000000
-122.470000,37.780000,52.000000,2042.000000,378.000000,1153.000000,408.000000,4.185600,404700.000000
-118.080000,34.000000,32.000000,1165.000000,358.000000,997.000000,361.000000,0.981700,166300.000000
-122.000000,37.350000,20.000000,4304.000000,851.000000,2059.000000,835.000000,5.167400,333000.000000
-119.020000,35.410000,21.000000,2534.000000,554.000000,1297.000000,517.000000,2.057500,67000.000000
-118.130000,34.180000,52.000000,1464.000000,211.000000,603.000000,226.000000,5.830900,309100.000000
-121.940000,37.270000,23.000000,1932.000000,552.000000,997.000000,482.000000,3.662000,211900.000000
-120.510000,35.910000,39.000000,768.000000,162.000000,264.000000,118.000000,5.324500,250000.000000
-121.650000,38.030000,28.000000,3144.000000,694.000000,1095.000000,482.000000,3.440200,192400.000000
-121.620000,39.790000,11.000000,3835.000000,727.000000,1456.000000,658.000000,2.537400,97200.000000
-117.080000,32.820000,16.000000,1787.000000,236.000000,770.000000,228.000000,7.129800,278600.000000
-123.210000,39.140000,15.000000,2235.000000,545.000000,1376.000000,516.000000,1.903200,100000.000000
-119.610000,36.330000,32.000000,1492.000000,284.000000,926.000000,264.000000,3.013900,61500.000000
-114.980000,33.070000,18.000000,1183.000000,363.000000,374.000000,127.000000,3.160700,57500.000000
-118.380000,34.040000,36.000000,3005.000000,771.000000,2054.000000,758.000000,2.043700,309100.000000
-117.990000,33.700000,13.000000,4013.000000,903.000000,1999.000000,859.000000,4.625000,248800.000000
-116.260000,33.720000,10.000000,9404.000000,1827.000000,3208.000000,1283.000000,3.108600,105800.000000
-118.400000,34.000000,10.000000,1526.000000,339.000000,705.000000,268.000000,5.808300,321800.000000
-120.640000,35.460000,6.000000,5876.000000,1406.000000,2877.000000,1304.000000,2.543700,146400.000000
-122.030000,37.390000,22.000000,3280.000000,933.000000,1842.000000,795.000000,4.410700,232700.000000
-118.290000,33.880000,36.000000,1751.000000,438.000000,1175.000000,419.000000,3.073900,218600.000000
-117.020000,32.690000,7.000000,6055.000000,1004.000000,3031.000000,952.000000,4.436000,135000.000000
-119.320000,36.300000,15.000000,2864.000000,571.000000,1480.000000,475.000000,2.969800,93400.000000
-122.310000,38.010000,18.000000,4123.000000,874.000000,1895.000000,772.000000,3.275900,195000.000000
-118.860000,34.190000,27.000000,1931.000000,261.000000,736.000000,244.000000,6.780500,392900.000000
-117.140000,33.810000,13.000000,4496.000000,756.000000,2044.000000,695.000000,3.277800,148800.000000
-118.640000,34.220000,25.000000,2762.000000,410.000000,1166.000000,439.000000,6.864300,333700.000000
-116.630000,33.890000,22.000000,1540.000000,364.000000,610.000000,268.000000,1.522700,71000.000000
-118.280000,34.110000,45.000000,1607.000000,331.000000,633.000000,332.000000,3.144500,438300.000000
-119.030000,35.380000,52.000000,1695.000000,290.000000,540.000000,260.000000,2.731200,147100.000000
-118.260000,33.880000,36.000000,1212.000000,222.000000,775.000000,224.000000,5.559100,136500.000000
-117.890000,33.850000,18.000000,2036.000000,414.000000,1292.000000,380.000000,3.875000,273000.000000
-122.090000,37.380000,36.000000,2587.000000,416.000000,1055.000000,410.000000,6.199500,407200.000000
-122.940000,39.100000,18.000000,681.000000,120.000000,272.000000,105.000000,2.890600,140600.000000
-117.100000,32.680000,42.000000,2013.000000,568.000000,1920.000000,557.000000,2.072400,107600.000000
-118.980000,35.410000,36.000000,1482.000000,266.000000,640.000000,274.000000,3.875000,94500.000000
-120.230000,37.960000,52.000000,1230.000000,262.000000,609.000000,243.000000,2.005700,68200.000000
-118.200000,33.940000,43.000000,1934.000000,511.000000,1895.000000,493.000000,2.502900,159700.000000
-121.300000,37.950000,9.000000,674.000000,242.000000,575.000000,193.000000,2.202400,45000.000000
-121.740000,38.550000,33.000000,6861.000000,1820.000000,3717.000000,1767.000000,1.731100,182600.000000
-121.960000,37.330000,35.000000,2294.000000,411.000000,1054.000000,449.000000,4.066700,276900.000000
-120.600000,37.360000,27.000000,2521.000000,484.000000,1307.000000,456.000000,3.091100,86900.000000
-122.470000,37.700000,44.000000,2034.000000,423.000000,1491.000000,373.000000,4.534100,236500.000000
-117.050000,32.580000,23.000000,1918.000000,339.000000,1392.000000,340.000000,4.087000,134800.000000
-117.900000,33.870000,34.000000,1411.000000,292.000000,1040.000000,299.000000,3.433800,195200.000000
-117.230000,32.870000,15.000000,2290.000000,662.000000,1034.000000,594.000000,3.010400,204200.000000
-122.080000,37.880000,24.000000,2059.000000,462.000000,410.000000,294.000000,2.397100,99400.000000
-118.210000,33.800000,45.000000,1160.000000,274.000000,1095.000000,269.000000,2.730800,139000.000000
-122.080000,37.640000,30.000000,5267.000000,1253.000000,4065.000000,1113.000000,3.347900,182100.000000
-118.380000,34.140000,40.000000,1965.000000,354.000000,666.000000,357.000000,6.087600,483800.000000
-118.200000,33.800000,45.000000,2456.000000,495.000000,1300.000000,450.000000,3.979200,210200.000000
-117.620000,33.430000,27.000000,3858.000000,1062.000000,2321.000000,873.000000,3.315500,231000.000000
-122.110000,37.400000,31.000000,2836.000000,490.000000,1138.000000,481.000000,4.951900,500001.000000
-122.840000,38.980000,21.000000,939.000000,176.000000,556.000000,178.000000,1.719600,75000.000000
-121.260000,38.270000,20.000000,1314.000000,229.000000,712.000000,219.000000,4.412500,144600.000000
-116.890000,33.730000,15.000000,2094.000000,316.000000,937.000000,277.000000,5.362300,201300.000000
-122.670000,38.440000,32.000000,3771.000000,741.000000,1786.000000,721.000000,3.241500,172200.000000
-117.940000,33.870000,46.000000,2066.000000,450.000000,1275.000000,448.000000,3.937500,187000.000000
-118.140000,34.690000,34.000000,1439.000000,327.000000,708.000000,298.000000,3.269900,100000.000000
-122.400000,37.590000,22.000000,2754.000000,477.000000,1163.000000,479.000000,6.230600,500001.000000
-118.080000,33.840000,28.000000,4216.000000,948.000000,2997.000000,896.000000,3.796100,162700.000000
-116.360000,33.780000,6.000000,24121.000000,4522.000000,4176.000000,2221.000000,3.379900,239300.000000
-117.940000,33.850000,26.000000,1888.000000,429.000000,1550.000000,458.000000,3.339300,168600.000000
-117.470000,33.940000,34.000000,559.000000,139.000000,532.000000,137.000000,3.068700,88500.000000
-117.640000,33.650000,4.000000,6842.000000,1512.000000,3256.000000,1439.000000,5.413200,216600.000000
-118.500000,34.240000,34.000000,2634.000000,412.000000,1114.000000,423.000000,5.940100,315300.000000
-118.190000,33.780000,24.000000,225.000000,72.000000,439.000000,71.000000,2.853300,137500.000000
-117.660000,34.120000,16.000000,3853.000000,541.000000,1726.000000,497.000000,6.119500,251100.000000
-122.300000,37.970000,34.000000,2854.000000,528.000000,1211.000000,452.000000,3.535300,164700.000000
-122.140000,37.680000,31.000000,3184.000000,716.000000,1561.000000,628.000000,2.795500,183100.000000
-118.260000,33.940000,41.000000,1510.000000,410.000000,1408.000000,389.000000,1.650000,94200.000000
-118.230000,33.930000,39.000000,2065.000000,532.000000,2015.000000,535.000000,0.847800,104900.000000
-120.960000,38.660000,11.000000,2339.000000,436.000000,1062.000000,380.000000,3.903600,180800.000000
-117.840000,35.350000,28.000000,1913.000000,486.000000,858.000000,371.000000,1.996200,50800.000000
-119.160000,34.200000,35.000000,2183.000000,636.000000,3504.000000,623.000000,1.970400,160300.000000
-122.650000,38.230000,52.000000,1735.000000,347.000000,712.000000,343.000000,3.171100,200800.000000
-121.880000,37.370000,14.000000,6016.000000,1404.000000,3258.000000,1316.000000,3.574500,333700.000000
-118.400000,34.040000,43.000000,3863.000000,537.000000,1398.000000,511.000000,8.593800,500001.000000
-118.270000,34.110000,36.000000,1832.000000,539.000000,934.000000,486.000000,3.052100,276600.000000
-118.440000,34.300000,38.000000,1595.000000,314.000000,1181.000000,327.000000,3.400000,155500.000000
-121.770000,37.680000,41.000000,1501.000000,299.000000,629.000000,288.000000,4.680600,209400.000000
-119.990000,38.880000,17.000000,2807.000000,529.000000,675.000000,251.000000,2.745700,107800.000000
-118.360000,33.960000,26.000000,3543.000000,1055.000000,2742.000000,951.000000,2.550400,151300.000000
-118.320000,33.970000,52.000000,1778.000000,320.000000,795.000000,279.000000,3.511400,138800.000000
-118.270000,34.270000,27.000000,5205.000000,859.000000,2363.000000,888.000000,6.194600,276100.000000
-116.810000,33.900000,17.000000,2009.000000,469.000000,820.000000,381.000000,1.328600,81800.000000
-118.390000,33.960000,45.000000,1436.000000,374.000000,662.000000,292.000000,3.625000,329400.000000
-118.070000,33.910000,29.000000,2387.000000,570.000000,1978.000000,548.000000,3.195700,159200.000000
-118.350000,34.220000,30.000000,1260.000000,222.000000,638.000000,229.000000,4.130200,258300.000000
-118.430000,34.020000,41.000000,2403.000000,516.000000,1001.000000,514.000000,4.390600,500001.000000
-121.730000,37.680000,17.000000,20354.000000,3493.000000,8768.000000,3293.000000,5.449600,238900.000000
-117.310000,32.980000,17.000000,2789.000000,648.000000,849.000000,345.000000,4.101200,244700.000000
-122.290000,37.560000,12.000000,6474.000000,1467.000000,2516.000000,1390.000000,5.035300,305800.000000
-119.690000,34.380000,39.000000,1383.000000,459.000000,677.000000,362.000000,2.250000,281300.000000
-122.070000,38.000000,37.000000,978.000000,202.000000,462.000000,184.000000,3.625000,156300.000000
-118.050000,34.160000,41.000000,3320.000000,713.000000,1236.000000,659.000000,3.569400,278600.000000
-122.070000,37.660000,28.000000,2280.000000,610.000000,1255.000000,587.000000,2.671900,161200.000000
-121.800000,37.270000,10.000000,3301.000000,593.000000,2190.000000,575.000000,6.223000,260700.000000
-122.690000,38.340000,23.000000,2846.000000,516.000000,1526.000000,492.000000,3.733000,163500.000000
-117.080000,32.700000,35.000000,1477.000000,264.000000,852.000000,279.000000,3.178600,100600.000000
-119.760000,36.730000,46.000000,1347.000000,282.000000,854.000000,267.000000,1.872300,52600.000000
-118.370000,34.050000,52.000000,1563.000000,306.000000,776.000000,308.000000,3.625000,440900.000000
-122.700000,38.350000,14.000000,1555.000000,369.000000,493.000000,335.000000,1.603300,67500.000000
